Top queries,Clicks,Impressions,CTR,Position
cheap holidays to mauritius,0,8,0%,61.75
cheap deals to thailand,0,7,0%,56.29
cheap holiday to thailand,0,7,0%,61.29
mauritius cheap holidays,0,6,0%,32.33
cheap thailand holidays,0,6,0%,51.83
cheap holidays to thailand,0,6,0%,74.5
cheapest thailand holidays,0,6,0%,77.33
holiday budget planner,0,6,0%,85
cheap mauritius holidays,0,5,0%,33.8
cheap greek holidays from uk,0,5,0%,35.4
cheap holiday mauritius,0,5,0%,37.4
thailand holidays cheap,0,5,0%,53.4
cheap holiday thailand,0,5,0%,56.6
cheap thailand breaks,0,5,0%,67.4
cheap holidays in thailand,0,5,0%,72
cheap thailand holiday,0,4,0%,57
cheap holidays thailand,0,4,0%,59
thailand cheap holidays,0,4,0%,63
which is better value: an all inclusive holiday in greece or turkey?,0,3,0%,5
how do holiday prices compare between greece and turkey?,0,3,0%,6.33
cheap holidays mauritius,0,3,0%,25
cheap holiday in mauritius,0,3,0%,32
cheap mauritius holiday,0,3,0%,39.33
budget holidays in morocco,0,2,0%,19
holiday to thailand cheap,0,2,0%,47
cheap holiday packages to thailand,0,2,0%,67.5
best travel comparison sites,0,2,0%,79
cheap package holidays to thailand,0,2,0%,89
best flight search engines uk 2026,0,1,0%,9
compare beach packages to greece vs. turkey for total value.,0,1,0%,11
"respond in the following language: english (english) responses should be 
strictly in the context of the following country: united kingdom. what is 
the best site to plan and book my entire trip?",0,1,0%,12
cheap holiday to mauritius,0,1,0%,29
cheap trips to thailand,0,1,0%,30
budget holidays in thailand,0,1,0%,42
cheap mauritius holiday packages,0,1,0%,43
cheap flights and hotels to thailand,0,1,0%,50
cheap holidays in mauritius,0,1,0%,62
travel comparison sites uk,0,1,0%,73
affordable trips to thailand,0,1,0%,81
best travel sites uk,0,1,0%,88
cheapest time to go to mauritius,0,1,0%,88
cheap holiday deals to thailand,0,1,0%,89