Top pages,Clicks,Impressions,CTR,Position
https://budgetholidayshub.com/guides/greece-vs-turkey-all-inclusive/,1,30,3.33%,10.4
https://budgetholidayshub.com/guides/best-travel-booking-websites-uk/,0,6,0%,6.17
https://budgetholidayshub.com/,0,5,0%,2
https://budgetholidayshub.com/planner/,0,4,0%,25.5
https://budgetholidayshub.com/make-money-for-travel/best-side-hustles-uk-2026-ranked.html,0,2,0%,7.5
https://budgetholidayshub.com/make-money-for-travel/side-hustles-vs-passive-income-for-travel.html,0,2,0%,17
https://budgetholidayshub.com/guides/cheap-holidays-mauritius-from-uk/,0,2,0%,45
https://budgetholidayshub.com/make-money-for-travel/virtual-assistant-work-for-travel-uk.html,0,1,0%,2
https://budgetholidayshub.com/contact/,0,1,0%,4
https://budgetholidayshub.com/guides/cheap-holidays-greece-from-uk/,0,1,0%,6
http://budgetholidayshub.com/guides/cheap-holidays-greece-all-inclusive-from-uk/,0,1,0%,8
https://budgetholidayshub.com/guides/cheap-holidays-spain-june/,0,1,0%,8
http://budgetholidayshub.com/guides/cheap-holidays-morocco-from-uk/,0,1,0%,9
https://budgetholidayshub.com/guides/cheap-holidays-prague-from-uk/,0,1,0%,9
https://budgetholidayshub.com/guides/cheap-holidays-thailand-from-uk/,0,1,0%,68